{"cameraMode":{"drawMode":0,"name":"Shaded","section":"Shading Mode"},"sceneLighting":true,"audioPlay":false,"sceneViewState":{"showFog":false,"showMaterialUpdate":false,"showSkybox":false,"showFlares":false,"showImageEffects":false,"showParticleSystems":false},"in2DMode":false,"pivot":{"x":-5.675339698791504,"y":0.31555935740470889,"z":-41.327301025390628},"rotation":{"x":-0.034918978810310367,"y":-0.9205085039138794,"z":0.08444193750619888,"w":-0.38000771403312685},"size":7.186438083648682,"orthographic":false}