{"cameraMode":{"drawMode":0,"name":"Shaded","section":"Shading Mode"},"sceneLighting":false,"audioPlay":false,"sceneViewState":{"showFog":true,"showMaterialUpdate":true,"showSkybox":false,"showFlares":true,"showImageEffects":true,"showParticleSystems":true},"in2DMode":false,"pivot":{"x":6.115395545959473,"y":7.24348783493042,"z":9.850353240966797},"rotation":{"x":-0.002825980307534337,"y":-0.935265302658081,"z":0.3539705276489258,"w":-0.007313634734600782},"size":-0.33835023641586306,"orthographic":false}