{"cameraMode":{"drawMode":0,"name":"Shaded","section":"Shading Mode"},"sceneLighting":false,"audioPlay":false,"sceneViewState":{"showFog":true,"showMaterialUpdate":true,"showSkybox":false,"showFlares":true,"showImageEffects":true,"showParticleSystems":true},"in2DMode":false,"pivot":{"x":0.3197481036186218,"y":-0.10931964963674545,"z":0.4147529602050781},"rotation":{"x":-0.012983766384422779,"y":-0.9777820110321045,"z":0.19953897595405579,"w":-0.06348281353712082},"size":0.40569955110549929,"orthographic":false}