{"cameraMode":{"drawMode":0,"name":"Shaded","section":"Shading Mode"},"sceneLighting":false,"audioPlay":false,"sceneViewState":{"showFog":true,"showMaterialUpdate":true,"showSkybox":false,"showFlares":true,"showImageEffects":true,"showParticleSystems":true},"in2DMode":false,"pivot":{"x":12.155686378479004,"y":1.5408477783203126,"z":-9.5137939453125},"rotation":{"x":0.04258384555578232,"y":0.9293373823165894,"z":-0.1134791225194931,"w":0.3488701283931732},"size":2.5132460594177248,"orthographic":false}