{"cameraMode":{"drawMode":0,"name":"Shaded","section":"Shading Mode"},"sceneLighting":true,"audioPlay":false,"sceneViewState":{"showFog":true,"showMaterialUpdate":true,"showSkybox":false,"showFlares":true,"showImageEffects":true,"showParticleSystems":true},"in2DMode":false,"pivot":{"x":13.775712013244629,"y":1.9921187162399293,"z":-4.859750747680664},"rotation":{"x":0.13444247841835023,"y":0.047242652624845508,"z":-0.006413505878299475,"w":0.9898067712783814},"size":0.5443746447563171,"orthographic":false}